{"cameraMode":{"drawMode":0,"name":"Shaded","section":"Shading Mode"},"sceneLighting":false,"audioPlay":false,"sceneViewState":{"m_AlwaysRefresh":false,"showFog":true,"showSkybox":false,"showFlares":true,"showImageEffects":true,"showParticleSystems":true,"showVisualEffectGraphs":true,"m_FxEnabled":true},"in2DMode":false,"pivot":{"x":14.96241569519043,"y":40.610897064208987,"z":-6.500002861022949},"rotation":{"x":0.4457794725894928,"y":0.05231374129652977,"z":-0.026107823476195337,"w":0.8932319283485413},"size":26.667695999145509,"orthographic":true}