{"cameraMode":{"drawMode":0,"name":"Shaded","section":"Shading Mode"},"sceneLighting":false,"audioPlay":false,"sceneViewState":{"m_AlwaysRefresh":false,"showFog":true,"showSkybox":false,"showFlares":true,"showImageEffects":true,"showParticleSystems":true,"showVisualEffectGraphs":true,"m_FxEnabled":true},"in2DMode":false,"pivot":{"x":-0.24503517150878907,"y":2.7033252716064455,"z":-0.006717205047607422},"rotation":{"x":-0.03452301025390625,"y":0.6405017971992493,"z":-0.028840316459536554,"w":-0.7666465640068054},"size":81.0526123046875,"orthographic":false}