{"cameraMode":{"drawMode":0,"name":"Shaded","section":"Shading Mode"},"sceneLighting":true,"audioPlay":false,"sceneViewState":{"m_AlwaysRefresh":false,"showFog":true,"showSkybox":true,"showFlares":true,"showImageEffects":true,"showParticleSystems":true,"showVisualEffectGraphs":true,"m_FxEnabled":true},"in2DMode":false,"pivot":{"x":2.4112157821655275,"y":35.84371566772461,"z":34.286277770996097},"rotation":{"x":0.15689034759998322,"y":0.13289275765419007,"z":-0.02130979113280773,"w":0.9784019589424133},"size":6.641041278839111,"orthographic":false}