{"cameraMode":{"drawMode":0,"name":"Shaded","section":"Shading Mode"},"sceneLighting":true,"audioPlay":false,"sceneViewState":{"m_AlwaysRefresh":false,"showFog":true,"showSkybox":true,"showFlares":true,"showImageEffects":true,"showParticleSystems":true,"showVisualEffectGraphs":true,"m_FxEnabled":true},"in2DMode":false,"pivot":{"x":1756.0223388671875,"y":-2.8046369552612306,"z":-7.371660232543945},"rotation":{"x":0.2776961624622345,"y":0.004323049448430538,"z":-0.001250485540367663,"w":0.9606602191925049},"size":138.47296142578126,"orthographic":false}