{"cameraMode":{"drawMode":0,"name":"Shaded","section":"Shading Mode"},"sceneLighting":false,"audioPlay":false,"sceneViewState":{"m_AlwaysRefresh":false,"showFog":true,"showSkybox":true,"showFlares":true,"showImageEffects":true,"showParticleSystems":true,"showVisualEffectGraphs":true,"m_FxEnabled":true},"in2DMode":false,"pivot":{"x":304.0518493652344,"y":48.31034851074219,"z":674.6697387695313},"rotation":{"x":0.02579704485833645,"y":-0.9712584614753723,"z":0.12451014667749405,"w":0.20123045146465302},"size":17.676401138305665,"orthographic":false}