{"cameraMode":{"drawMode":0,"name":"Shaded","section":"Shading Mode"},"sceneLighting":false,"audioPlay":false,"sceneViewState":{"m_AlwaysRefresh":false,"showFog":true,"showSkybox":true,"showFlares":true,"showImageEffects":true,"showParticleSystems":true,"showVisualEffectGraphs":true,"m_FxEnabled":true},"in2DMode":false,"pivot":{"x":319.07354736328127,"y":71.5243911743164,"z":126.48326110839844},"rotation":{"x":0.0013324329629540444,"y":0.9922799468040466,"z":-0.12357454001903534,"w":0.010713805444538594},"size":15.625535011291504,"orthographic":false}