{"cameraMode":{"drawMode":0,"name":"Shaded","section":"Shading Mode"},"sceneLighting":true,"audioPlay":false,"sceneViewState":{"m_AlwaysRefresh":false,"showFog":true,"showSkybox":true,"showFlares":true,"showImageEffects":true,"showParticleSystems":true,"showVisualEffectGraphs":true,"m_FxEnabled":true},"in2DMode":false,"pivot":{"x":317.6077880859375,"y":108.6946792602539,"z":94.96659088134766},"rotation":{"x":-0.0023833278100937607,"y":-0.9834886789321899,"z":0.18048958480358125,"w":-0.012986746616661549},"size":46.42000198364258,"orthographic":false}