{"cameraMode":{"drawMode":0,"name":"Shaded","section":"Shading Mode"},"sceneLighting":false,"audioPlay":false,"sceneViewState":{"m_AlwaysRefresh":false,"showFog":true,"showSkybox":true,"showFlares":true,"showImageEffects":true,"showParticleSystems":true,"showVisualEffectGraphs":true,"m_FxEnabled":true},"in2DMode":false,"pivot":{"x":1083.4998779296875,"y":653.3310546875,"z":41.160247802734378},"rotation":{"x":-0.0030000186525285246,"y":-0.001500627608038485,"z":-0.000004414795512275305,"w":0.9999952912330627},"size":813.9324951171875,"orthographic":true}