{"cameraMode":{"drawMode":0,"name":"Shaded","section":"Shading Mode"},"sceneLighting":false,"audioPlay":false,"sceneViewState":{"m_AlwaysRefresh":false,"showFog":true,"showSkybox":true,"showFlares":true,"showImageEffects":true,"showParticleSystems":true,"showVisualEffectGraphs":true,"m_FxEnabled":true},"in2DMode":false,"pivot":{"x":-2.2722113132476808,"y":35.95626449584961,"z":1.0507678985595704},"rotation":{"x":0.14810991287231446,"y":0.3250715434551239,"z":-0.05162639915943146,"w":0.9325913786888123},"size":11.431938171386719,"orthographic":false}