{"cameraMode":{"drawMode":0,"name":"Shaded","section":"Shading Mode"},"sceneLighting":false,"audioPlay":false,"sceneViewState":{"m_AlwaysRefresh":false,"showFog":true,"showSkybox":false,"showFlares":true,"showImageEffects":true,"showParticleSystems":true,"showVisualEffectGraphs":true,"m_FxEnabled":true},"in2DMode":false,"pivot":{"x":-0.34200000762939455,"y":4.706500053405762,"z":-20.834999084472658},"rotation":{"x":0.04068610444664955,"y":-0.8054052591323853,"z":0.05566065385937691,"w":0.5887081623077393},"size":12.630851745605469,"orthographic":false}