{"cameraMode":{"drawMode":0,"name":"Shaded","section":"Shading Mode"},"sceneLighting":false,"audioPlay":false,"sceneViewState":{"m_AlwaysRefresh":false,"showFog":true,"showSkybox":false,"showFlares":true,"showImageEffects":true,"showParticleSystems":true,"showVisualEffectGraphs":true,"m_FxEnabled":true},"in2DMode":false,"pivot":{"x":-0.2685055732727051,"y":18.77001190185547,"z":0.08774328231811524},"rotation":{"x":0.025962399318814279,"y":-0.9736517071723938,"z":0.14565934240818025,"w":0.17356552183628083},"size":11.223361015319825,"orthographic":false}